Desarrollador,sentiment_analysis_0,sentiment_analysis_1,sentiment_analysis_2
07th expansion,3,3,3
10th art studio,2,2,2
10tons ltd,1,1,1
11 bit studios,62,62,62
14° east,2,2,2
16bit nights,1,1,1
17-bit,2,2,2
1c company,2,2,2
1c-avalon,2,2,2
1c-softclub,2,2,2
1c: maddox games,9,9,9
1c:inoco,4,4,4
22cans,3,3,3
24 caret games,1,1,1
2d boy,7,7,7
2darray,1,1,1
2dengine.com,1,1,1
2k australia,175,175,175
2k boston,75,75,75
2k china,17,17,17
2k czech,43,43,43
2k marin,31,31,31
2play,11,11,11
2x2 games,1,1,1
3 sprockets,6,6,6
30.06 studios ltd,1,1,1
3000ad,1,1,1
343 industries,20,20,20
38 studios,17,17,17
3909,78,78,78
3d realms (apogee software),2,2,2
3f interactive,2,2,2
4 i lab,5,5,5
48h studio,1,1,1
49 games,1,1,1
4a games,30,30,30
5 bits games,3,3,3
5 lives studios,1,1,1
5th cell media,42,42,42
5wolf,11,11,11
773,1,1,1
777 studios,3,3,3
8-bit studio,1,1,1
800 north and digital ranch,66,66,66
8888888 labs,2,2,2
88mm,1,1,1
8monkey labs,1,1,1
9heads game studios,14,14,14
@unepic_fran,6,6,6
A barnett,2,2,2
A crowd of monsters,2,2,2
A jolly corpse,2,2,2
Abbey games,17,17,17
Above and beyond technologies,1,1,1
Abraham carreola,1,1,1
Abrakam sa,2,2,2
Abstract tree studio,2,2,2
Abstraction games,7,7,7
Access games,2,2,2
Ace maddox,1,1,1
Ace team,14,14,14
Acid nerve,5,5,5
Acquire corp,8,8,8
Actalogic,4,4,4
Adam foster,7,7,7
Adrian zingg,1,1,1
Adventure planning service,1,1,1
Adventure productions,2,2,2
Aeon dream studios,1,1,1
Afterthought llc,5,5,5
Airtight games,12,12,12
Aivaras klimas,1,1,1
Akakiy petrushkin,2,2,2
Alan edwardes,31,31,31
Alan zucconi,1,1,1
Alawar,2,2,2
Alawar entertainment,3,3,3
Albert fernandez,6,6,6
Aldorlea games,1,1,1
Aleksey abramenko,4,4,4
Alex zhang,1,1,1
Alexander bruce,51,51,51
Alexey davydov,1,1,1
Alice &amp; smith,1,1,1
Alice in dissonance,4,4,4
Alien pixel studios,1,1,1
Alien sync interactive,1,1,1
Alientrap,10,10,10
Allen dayan,1,1,1
Alligator pit,2,2,2
Allplayer group ltd,1,1,1
Almost human games,9,9,9
Alpixel games,6,6,6
Altar games,2,2,2
Alternative software ltd,1,1,1
Amanita design,8,8,8
Amaterasu software,1,1,1
Amplitude studios,45,45,45
Anarchy enterprises,2,2,2
Andrew gilmour,2,2,2
Andrewmd5,2,2,2
Andrey rumak,1,1,1
Andrii vintsevych,15,15,15
Andy wallace,2,2,2
Angry mob games,1,1,1
Animation arts,1,1,1
Animu game,1,1,1
Anisoptera games,5,5,5
Ankama studio,8,8,8
Ankur rathore,3,3,3
Anne mönkkönen,1,1,1
Anoop nihar srinivas,3,3,3
Anothink,2,2,2
Antanas marcelionis,1,1,1
Anteater games,1,1,1
Anthony rotondo,19,19,19
Antonio carcagnì,40,40,40
Antonio renna,2,2,2
Anvate games,1,1,1
Apeiron,1,1,1
Aperture tag team,11,11,11
App2fun,2,2,2
Aquiris game studio,2,2,2
Arachnid games,2,2,2
Aratog llc,1,1,1
Arc system works,10,10,10
Archive entertainment,39,39,39
Arkane studios,128,128,128
Arkavi studios,1,1,1
Arkedo,3,3,3
Armature studio,1,1,1
Arrowhead game studios,107,107,107
Artefacts studio,1,1,1
Artefacts studios,1,1,1
Artery games,9,9,9
Artifex mundi,3,3,3
Artifice studio,4,4,4
Artplant,48,48,48
Ascaron,2,2,2
Ascaron entertainment ltd,2,2,2
Ascension entertainment llc,6,6,6
Aslan game studio,3,3,3
Aspyr,1489,1489,1489
Aspyr studios,17,17,17
Atapki,1,1,1
Atari,19,19,19
Atelier 801,26,26,26
Atom republic,1,1,1
Atomictorch studio,1,1,1
Atum software,1,1,1
Atypical games,1,1,1
Aurelien regard,1,1,1
Austin handle,1,1,1
Autobotika,1,1,1
Avalanche software,3,3,3
Avalanche studios,490,490,490
Avidly wild games,3,3,3
Avinash kalapala,3,3,3
Awar,2,2,2
Awesome games studio,53,53,53
Awesomeblade,1,1,1
Axis game factory,3,3,3
Axis game factory llc,4,4,4
Axolot games,16,16,16
Axyos games,2,2,2
Azamatika,1,1,1
B-alive,1,1,1
B-alive gmbh,2,2,2
B-evil,2,2,2
Back to basics gaming,16,16,16
Bacon wrapped games,1,1,1
Badland studio,5,5,5
Baggy cat ltd,4,4,4
Baller industries,2,2,2
Bandai namco studio inc,9,9,9
Bankroll studios,24,24,24
Bare mettle entertainment,1,1,1
Basaltic studio,2,2,2
Batholith entertainment,1,1,1
Batterystaple games,2,2,2
Battlegoat studios,4,4,4
Beam team games,68,68,68
Beamdog,6,6,6
Beamng,13,13,13
Beautifun games,1,1,1
Bedlam games,1,1,1
Bedtime digital games,1,1,1
Beenox,1,1,1
Behold studios,6,6,6
Ben 'yahtzee' croshaw,1,1,1
Ben garney,19,19,19
Ben palgi,5,5,5
Ben prunty music,1,1,1
Benjamin bryant,1,1,1
Benjamin rivers inc,4,4,4
Best gaem studio,1,1,1
Best way,4,4,4
Betadwarf,4,4,4
Bethesda game studios,389,389,389
Biart company llc,1,1,1
Big ant studios,7,7,7
Big corporation,12,12,12
Big fat alien,4,4,4
Big fat simulations inc,2,2,2
Big finish games,1,1,1
Big huge games,35,35,35
Big robot ltd,20,20,20
Bigant studios,1,1,1
Bigmoon studios,2,2,2
Binary fortress software,1,1,1
Binary zoo,6,6,6
Bioware,80,80,80
Bioware corporation,1,1,1
Bitbox ltd,26,26,26
Bitfinity,1,1,1
Bithell games,25,25,25
Bithuffel,1,1,1
Bitl,1,1,1
Bizarre creations,4,4,4
Black death apps limited,1,1,1
Black element,2,2,2
Black eye games,4,4,4
Black forest games,1,1,1
Black isle studios,10,10,10
Black jacket studios,1,1,1
Black lion studios,1,1,1
Black pants studio,8,8,8
Black sea studios ltd,2,2,2
Black shell games,4,4,4
Black wing foundation,2,2,2
Blackbird interactive,3,3,3
Blackfire games,1,1,1
Blackhole,4,4,4
Blacklight interactive,20,20,20
Blackmill games,102,102,102
Blackpowder games,1,1,1
Blackspot entertainment,1,1,1
Blankmediagames,34,34,34
Blazing griffin,3,3,3
Blender foundation,9,9,9
Blendo games,11,11,11
Blind sky studios,5,5,5
Blind squirrel,6,6,6
Blinkworks media,6,6,6
Blit software,12,12,12
Bloober team sa,7,7,7
Blooming buds studio,1,1,1
Blue bottle games,11,11,11
Blue byte,12,12,12
Blue isle studios,12,12,12
Blue mammoth games,81,81,81
Blue manchu,8,8,8
Blue tea games,1,1,1
Bluebutton games,11,11,11
Blueeagle productions,2,2,2
Bluegiant interactive,3,3,3
Bluehole ginno games,3,3,3
Blueline games,5,5,5
Bob the game development bot,2,2,2
Bohemia interactive,1146,1146,1146
Bombservice,1,1,1
Boneloaf,25,25,25
Bongfish gmbh,1,1,1
Boolat games,2,2,2
Boomzap entertainment,1,1,1
Boreal sun,1,1,1
Born ready games,1,1,1
Born ready games ltd,9,9,9
Boss baddie,3,3,3
Bossa studios,118,118,118
Brace yourself games,18,18,18
Brain bombers,1,1,1
Brainbox software,1,1,1
Brainchild,1,1,1
Brainy studio llc,1,1,1
Brawsome,2,2,2
Breakaway games,1,1,1
Breakfall,7,7,7
Brhp,1,1,1
Brian cronin,3,3,3
Brightrock games,7,7,7
Brilliant skies ltd,9,9,9
Broken rules,3,3,3
Bromoco games,1,1,1
Browny application,1,1,1
Brytenwalda,6,6,6
Bs1 &amp; bsl team,1,1,1
Bugbear,29,29,29
Bugbear entertainment,13,13,13
Bugbyte ltd,1,1,1
Buka entertainment,1,1,1
Bulbware,1,1,1
Bumpkinbrothers,2,2,2
Burstray games,1,1,1
Burut ct,1,1,1
Butterscotch shenanigans,4,4,4
Bytebin,4,4,4
C3sk,4,4,4
Cabygon,1,1,1
Cadence games,2,2,2
Cadenza interactive,3,3,3
Calum bowen,1,1,1
Camouflaj,1,1,1
Campo santo,48,48,48
Camshaft software,4,4,4
Can explode,2,2,2
Candyrocketstudio,1,1,1
Capcom,106,106,106
Capcom game studio vancouver,19,19,19
Capcom vancouver,14,14,14
Cape copenhagen,1,1,1
Capybara,3,3,3
Capybara games,9,9,9
Carbine studios,7,7,7
Carbon games,72,72,72
Cardboard keep,1,1,1
Carlo castellano,8,8,8
Carlsen games,6,6,6
Carmine t. guida,3,3,3
Castro brothers,2,2,2
Cat in jar games,1,1,1
Cat5games,2,2,2
Catalyst games lab,1,1,1
Cauldron,2,2,2
Cavedog entertainment,5,5,5
Cccp,2,2,2
Cd projekt red,64,64,64
Cellar door games,42,42,42
Celsius game studios,1,1,1
Centauri production,2,2,2
Ceri williams,4,4,4
Chad close,1,1,1
Chaosoft games,1,1,1
Charyb games,1,1,1
Chasing carrots,1,1,1
Cherry pop games,10,10,10
Childish things,2,2,2
Choice of games,10,10,10
Choice provisions,1,1,1
Chondrite games,1,1,1
Chris sawyer productions,4,4,4
Chucklefish,344,344,344
Ci games,15,15,15
Cinemax,4,4,4
Cinopt studios,2,2,2
Cipher prime studios,4,4,4
Circle five studios,9,9,9
City interactive,20,20,20
Civilsavages,1,1,1
Clapfoot,1,1,1
Clever endeavour games,3,3,3
Clickgames,1,1,1
Clickteam,4,4,4
Cliffhanger productions,2,2,2
Climax studios,4,4,4
Clockstone,3,3,3
Cloud 9 studio,1,1,1
Cm softworks,1,1,1
Co. ltd,127,127,127
Co.ltd,127,127,127
Coaguco industries,1,1,1
Cobalt-57,1,1,1
Cobra mobile,2,2,2
Cockroach inc,1,1,1
Cococucumber,2,2,2
Code club ab,2,2,2
Code headquarters llc,8,8,8
Code mystics,2,2,2
Codebrush games,39,39,39
Codeglue,6,6,6
Codemasters,15,15,15
Codemasters action studio,1,1,1
Codemasters birmingham,1,1,1
Codemasters digital,2,2,2
Codemasters racing,28,28,28
Codemasters studios,5,5,5
Codename entertainment inc,2,2,2
Codeusa,2,2,2
Code}{atch,58,58,58
Coffee stain studios,339,339,339
Cold beam games,22,22,22
Colibri games,2,2,2
Collected worlds,1,1,1
Colonthree enterprises,1,1,1
Colossal games,1,1,1
Colossal order ltd,88,88,88
Comcept,1,1,1
Comipo! llp,2,2,2
Compile heart,21,21,21
Compulsion games,8,8,8
Concernedape,98,98,98
Conrad nelson,1,1,1
Convoy games,2,2,2
Core design,4,4,4
Coredumping,3,3,3
Coreplay gmbh,2,2,2
Corrosive studios llc,1,1,1
Cosmic cow llc,7,7,7
Counterplay games inc,5,5,5
Crackpot entertainment,2,2,2
Crackshell,13,13,13
Crankshaft games,1,1,1
Crass studios,1,1,1
Crate entertainment,18,18,18
Crazy moo games,6,6,6
Crazy viking studios,4,4,4
Creability,13,13,13
Creat studio,1,1,1
Creative assembly,216,216,216
Creativeforge games,3,3,3
Creepy cute,1,1,1
Crescent moon games,2,2,2
Crespirit,2,2,2
Crian soft,1,1,1
Criterion games,48,48,48
Critical studio,12,12,12
Croteam,36,36,36
Crowbar collective,24,24,24
Crows crows crows,21,21,21
Cryptic sea,1,1,1
Cryptic studios,89,89,89
Crystal dynamics,164,164,164
Crystal shard,2,2,2
Crytek,110,110,110
Crytek studios,19,19,19
Csr-studios,10,10,10
Cubed productions llc,19,19,19
Cupholder,1,1,1
Curve digital,1,1,1
Curve studios,2,2,2
Cyan worlds,2,2,2
Cyanide,2,2,2
Cyanide montreal,2,2,2
Cyanide studio,7,7,7
Cyanide studio - spiders studios,1,1,1
Cyanide studios,10,10,10
Cyberconnect2 co. ltd,40,40,40
Cyberdreams,2,2,2
Cyberlore,1,1,1
Cybertime system,7,7,7
D-pad studio,7,7,7
D3t,1,1,1
Daedalic entertainment,16,16,16
Dagestan technology,1,1,1
Damaged,1,1,1
Dambuster studios,1,1,1
Damian sommer,3,3,3
Dan  walters,4,4,4
Dan fornace,13,13,13
Dan walters,2,2,2
Dancing dragon games,2,2,2
Daniel celemín,1,1,1
Daniel davies,8,8,8
Daniel jonathan bourke,7,7,7
Daniel mullins games,11,11,11
Daniel snd,1,1,1
Darius bode,1,1,1
Dark amber softworks,1,1,1
Dark artz entertainment,1,1,1
Dark day interactive,2,2,2
Dark energy digital ltd,4,4,4
Darkelite,3,3,3
Darklight games,1,1,1
Data realms,11,11,11
David mulder,1,1,1
David oreilly,36,36,36
David stark,3,3,3
David szymanski,7,7,7
David williamson,1,1,1
Davide caio,40,40,40
Dawid bujak,1,1,1
Day 1 studios,10,10,10
Daybreak game company,446,446,446
Days of wonder,1,1,1
Dead mage,1,1,1
Dead shark triplepunch,6,6,6
Deadfactory,1,1,1
Deadman,1,1,1
Decent machine,2,2,2
Deck 13,8,8,8
Deck13,1,1,1
Deck13 hamburg,2,2,2
Decky coss,11,11,11
Deconstructeam,7,7,7
Deep red limited,3,3,3
Deep silver volition,233,233,233
Deepred,1,1,1
Defence alliance team,4,4,4
Defiant development,9,9,9
Deion mobile,1,1,1
Dekovir entertainment,6,6,6
Demiurge studios,7,7,7
Denis ovsyannikov,2,2,2
Dennaton games,166,166,166
Denver productions,2,2,2
Desert owl games llc,2,2,2
Design factory,1,1,1
Destructive creations,5,5,5
Devespresso games,1,1,1
Devgru-p,3,3,3
Devil's details,14,14,14
Dexp,1,1,1
Dharker studio,2,2,2
Dice,119,119,119
Diezelpower,7,7,7
Digerati distribution,6,6,6
Diggerworld ltd,7,7,7
Digital arrow,1,1,1
Digital confectioners,59,59,59
Digital dawn studios,2,2,2
Digital extremes,638,638,638
Digital furnace games,1,1,1
Digital happiness,1,1,1
Digital leisure inc,5,5,5
Digital melody,5,5,5
Digital tentacle,1,1,1
Digitalmindsoft,33,33,33
Diminished studios,2,2,2
Dimmdrive inc,1,1,1
Dimps,32,32,32
Dingaling,9,9,9
Dingo games,3,3,3
Dinosaur polo club,15,15,15
Dischan media,4,4,4
Disney interactive,1,1,1
Dl softworks,7,7,7
Dns development,2,2,2
Do my best,1,1,1
Dobro_slon,1,1,1
Doctor entertainment ab,29,29,29
Dodge roll,10,10,10
Dogenzaka lab,1,1,1
Dolphinbarn,1,1,1
Dominique grieshofer,8,8,8
Dontnod entertainment,192,192,192
Doomster entertainment,1,1,1
Dotemu,24,24,24
Dotemu sas,2,2,2
Double action factory,52,52,52
Double damage games,4,4,4
Double eleven,2,2,2
Double fine productions,78,78,78
Double helix games,13,13,13
Doublebear productions,3,3,3
Doubledutch games,83,83,83
Doublesix,1,1,1
Doublesix games,1,1,1
Dovetail games,33,33,33
Dr studios,10,10,10
Dr. kimberly voll,5,5,5
Dragonfly,34,34,34
Dreadbit,1,1,1
Dream reactor,1,1,1
Dreamory,1,1,1
Dreampainters,2,2,2
Drinkbox studios,11,11,11
Drixy games,1,1,1
Droqen,1,1,1
Dry cactus,3,3,3
Ductape studio,3,3,3
Duelboot,1,1,1
Dumativa creative studio,2,2,2
Dylan fitterer,55,55,55
E-line media,2,2,2
Ea - maxis,10,10,10
Ea black box,1,1,1
Ea los angeles,29,29,29
Ea redwood shores,19,19,19
Eagle dynamics sa,1,1,1
Easyanticheat ltd,3,3,3
Easygamestation,13,13,13
Eat create sleep,6,6,6
Ed key and david kanaga,10,10,10
Edelweiss,3,3,3
Eden games,1,1,1
Eden industries,5,5,5
Eden studios,7,7,7
Edge case games ltd,31,31,31
Edge of reality,370,370,370
Edmund mcmillen,7,7,7
Edmund mcmillen and florian himsl,185,185,185
Efecto studios,315,315,315
Eforb,9,9,9
Egamea game studios,2,2,2
Eggcode,4,4,4
Eggtooth team,1,1,1
Egosoft,17,17,17
Eidos interactive,1,1,1
Eidos montreal,44,44,44
Eidos studio hungary,4,4,4
Eidos-montréal,27,27,27
Eightyeightgames,7,7,7
Eko software,36,36,36
Ekuator games,1,1,1
El huervo / niklas åkerblad,1,1,1
Elagotech,1,1,1
Elder games,1,1,1
Elecorn,11,11,11
Electrolyte,2,2,2
Electronic arts,14,14,14
Eleon game studios,8,8,8
Elias viglione,44,44,44
Elijah newman-gomez,18,18,18
Elite games team,1,1,1
Elixir studios,3,3,3
Elliptic games,3,3,3
Emily carroll,3,3,3
Emmanuel salva cruz,2,2,2
Emmett butler,11,11,11
Empires,2,2,2
Empty clip studios,2,2,2
Endgame studios,1,1,1
Endless loop studios,3,3,3
Endlessfluff games,2,2,2
Endnight games ltd,205,205,205
Ensemble studios,137,137,137
Ensenasoft,1,1,1
Entheogen studios llc,1,1,1
Entity medialab,1,1,1
Entrada interactive llc,17,17,17
Epiphany games,1,1,1
Eqgames,11,11,11
Eren aydın,1,1,1
Eric chahi,1,1,1
Eric hartman,19,19,19
Eric provan - ayyo games,1,1,1
Erik asmussen,10,10,10
Erik svedäng,1,1,1
Erkka lehmus (co-designer),1,1,1
Erobotan,1,1,1
Es team,1,1,1
Estsoft corp,1,1,1
Ethrea dreams,1,1,1
Eugen systems,44,44,44
Eurocom,1,1,1
Europe at war development team,1,1,1
Evan todd,1,1,1
Everything unlimited ltd,48,48,48
Evga,1,1,1
Evgenii gubanov,1,1,1
Evgeny shcherbakov,1,1,1
Evil tortilla games,18,18,18
Evil twin artworks,2,2,2
Exato game studios,1,1,1
Exato games studio,5,5,5
Excalibur,1,1,1
Exdream gmbh,2,2,2
Exe games inc,20,20,20
Exe-create,1,1,1
Exor studios,5,5,5
Exosyphen studios,2,2,2
Expansive worlds,94,94,94
Extend studio,3,3,3
Extrokold games,1,1,1
Eyebrow interactive,3,3,3
Eyedentity games inc,21,21,21
Eyemobi ltd,2,2,2
Eyzi,22,22,22
Fabio ferrara,57,57,57
Facepunch studios,2510,2510,2510
Factor 5,1,1,1
Failbetter games,6,6,6
Fallen snow studios,1,1,1
Fancy bytes,1,1,1
Fancy fish games,1,1,1
Farsight studios,4,4,4
Farsky interactive,11,11,11
Fatshark,34,34,34
Fayju,2,2,2
Felistella,11,11,11
Feral interactive,2238,2238,2238
Fermenter games,1,1,1
Fervent,1,1,1
Fictiorama studios,1,1,1
Fiddlesticks games,1,1,1
Filip victor,4,4,4
Final boss entertainment,1,1,1
Final form games,3,3,3
Finji,1,1,1
Firaxis,42,42,42
Firaxis games,505,505,505
Fire hose games,2,2,2
Firebase industries ltd,1,1,1
Firefly studios,44,44,44
Firemint,1,1,1
Fireproof games,3,3,3
Fishcow studio,1,1,1
Fishing cactus,1,1,1
Fishing planet llc,11,11,11
Fishlabs entertainment gmbh,2,2,2
Fistful of frags team,129,129,129
Five-bn games,2,2,2
Fix games,127,127,127
Fix korea,127,127,127
Fixpoint productions ltd,2,2,2
Flashback games,1,1,1
Flippfly,7,7,7
Florian himsl,5,5,5
Flox studios ltd,1,1,1
Flump studios,1,1,1
Flyanvil,3,3,3
Flying cafe for semianimals,1,1,1
Flying helmet games,2,2,2
Flying squirrel entertainment,8,8,8
Flying wild hog,45,45,45
Flyleap studios,2,2,2
Flyleap studios pty. ltd,4,4,4
Foam entertainment,1,1,1
Focus home interactive,6,6,6
Forbes  consult ltd,2,2,2
Forbes consult ltd,1,1,1
Force of habit,1,1,1
Forever entertainment s. a,15,15,15
Forgotten empires,3,3,3
Fortress forever development team,3,3,3
Four quarters,4,4,4
Fourbitfriday,1,1,1
Fractal phase,1,1,1
Freakinware limited,2,2,2
Freakinware studios,26,26,26
Freakzone games,9,9,9
Fred wood,4,4,4
Free games info,1,1,1
Free lives,123,123,123
Free reign entertainment,26,26,26
Freebird games,69,69,69
Freegamer,2,2,2
Freejam,344,344,344
Freezenova,1,1,1
French-bread,2,2,2
Fresh3d,1,1,1
Frictional games,63,63,63
Frima studio,1,1,1
Frog city software,1,1,1
Frogames,6,6,6
Frogdice,2,2,2
Frogshark,1,1,1
Frogsong studios ab,1,1,1
Frogwares,11,11,11
Fromsoftware,155,155,155
Frontier,8,8,8
Frontier developments,1,1,1
Frontwing,4,4,4
Frozenbyte,43,43,43
Fugazo,1,1,1
Full control,2,2,2
Full control studios,6,6,6
Fullbright,42,42,42
Fullpowersideattack.com,1,1,1
Fun sponge games,1,1,1
Funcom,13,13,13
Funselektor labs inc,7,7,7
Furiously inactive games,1,1,1
Fusty game,3,3,3
Futuremark,4,4,4
Futurlab,1,1,1
G-old,1,1,1
G-trax,1,1,1
G2crew,4,4,4
Gabbergames.com,1,1,1
Gaijin entertainment,6,6,6
Gaijin entertainment corporation,5,5,5
Gaijin games,38,38,38
Galactic cafe,103,103,103
Galaxytrail,10,10,10
Gambrinous,1,1,1
Game dev castle,3,3,3
Game distillery s.r.o,1,1,1
Game in a bottle,3,3,3
Game mechanics,4,4,4
Game nation inc,1,1,1
Game-labs,5,5,5
Gameart studio gmbh,2,2,2
Gamebryo,1,1,1
Gameconnect,6,6,6
Gamecrafterteam,3,3,3
Gameguyz,2,2,2
Gameore,7,7,7
Gamepires,3,3,3
Gameprix,3,3,3
Gameus inc,3,3,3
Gaming minds,1,1,1
Gaming minds studios,1,1,1
Gamious,1,1,1
Ganz,8,8,8
Gas powered games,38,38,38
Gatling goat studios,1,1,1
Gausswerks,2,2,2
Gdt limited,1,1,1
Gearbox software,736,736,736
Geek sloth games,1,1,1
Gemayue,2,2,2
Genee network,1,1,1
General arcade,7,7,7
Genetix studio,1,1,1
Geniaware srl,1,1,1
"Geoff ""zag"" keene",1,1,1
Geoff keighley,4,4,4
Ghost town games ltd,2,2,2
Ghostshark,16,16,16
Giant army,9,9,9
Giant squid,4,4,4
Giants software,36,36,36
Ginger labs llc,1,1,1
Giulia airoldi,4,4,4
Gl33k,3,3,3
Glass knuckle games,2,2,2
Glyphx games,1,1,1
Gmbh,5,5,5
Gnisoft,1,1,1
Going loud studios,27,27,27
Goldhawk interactive,2,2,2
Golemlabs,1,1,1
Gone north games,17,17,17
Good games,1,1,1
Gord10,3,3,3
Grabthegames studios,1,1,1
Gravity interactive,7,7,7
Gravvit ltd,2,2,2
Gray matter studios,3,3,3
Great war team,5,5,5
Green lava studios,8,8,8
Greenheart games,88,88,88
Gremlin interactive,2,2,2
Grey alien games,2,2,2
Grey havens,153,153,153
Grip games,5,5,5
Gromada,1,1,1
Grynsoft,7,7,7
Gsc game world,27,27,27
Gtgd,1,1,1
Gun,4,4,4
Gun media,1,1,1
Gunfire games,2,2,2
Guru games,1,1,1
Gustavo santos,6,6,6
Haemimont games,57,57,57
Halfbus,3,3,3
Halissoni,1,1,1
Halycon media gmbh &amp; co. kg,1,1,1
Hammer labs,2,2,2
Hammerfall publishing,5,5,5
Hanako games,15,15,15
Handmade game,1,1,1
Handyman studios,11,11,11
Hardit singh,3,3,3
Hardsuit labs,151,151,151
Harebrained schemes,16,16,16
Harvester games,3,3,3
Hato moa,11,11,11
He saw,1,1,1
Headfirst productions,1,1,1
Headup games / crenetic,2,2,2
Headup games / radon labs,2,2,2
Heart machine,8,8,8
Heartbit interactive,1,1,1
Hellbent games,2,2,2
Hello games,179,179,179
Hello there ab,9,9,9
Hemisphere games,2,2,2
Henrique pegacha,1,1,1
Her interactive,2,2,2
Hesketh studios,6,6,6
Hexage,2,2,2
Heydeck games,3,3,3
Hi-rez studios,141,141,141
Hidden path entertainment,106,106,106
High impact games,1,1,1
High voltage software,103,103,103
Hinterland studio inc,41,41,41
Hipix studio,1,1,1
Hippomancer,1,1,1
Hitbox team,6,6,6
Hitcents,7,7,7
Holotech studios,14,14,14
Holy priest,16,16,16
Holy warp,2,2,2
Home net games,1,1,1
Hoobalugalar_x,26,26,26
Hosted games,3,3,3
Hostel games,2,2,2
Hothead games,4,4,4
House of tales,1,1,1
House on fire,1,1,1
Housemarque,1,1,1
Humble hearts llc,40,40,40
Humongous entertainment,15,15,15
Huniepot,46,46,46
Hunted cow studios,6,6,6
Hydravision entertainment,5,5,5
Hyper hippo games,136,136,136
Hyperboreangames,1,1,1
Hypercane studios,1,1,1
Hypersloth,5,5,5
Hörberg productions,4,4,4
I fight bears,2,2,2
Ian campbell,9,9,9
Ice entertainment,9,9,9
Ice water games,15,15,15
Ice-pick lodge,5,5,5
Icetesy sprl,8,8,8
Id software,156,156,156
Idea factory,30,30,30
Idhas studios,1,1,1
Idigicon,3,3,3
Idol fx,3,3,3
If studios,1,1,1
Igry.ru,1,1,1
Iguana entertainment,2,2,2
Ilex games,4,4,4
Illfonic,1,1,1
Illwinter game design,1,1,1
Imaekgames [imaek limited],1,1,1
Image &amp; form,3,3,3
Imagecode llc,1,1,1
Imgn.pro,1,1,1
Immersive douro,1,1,1
In collaboration with  ubisoft shanghai,4,4,4
Incandescent games,1,1,1
Increpare games,2,2,2
Inferno games,1,1,1
Infinite interactive,3,3,3
Infinite monkeys entertainment ltd,1,1,1
Infinity plus 2,2,2,2
Infinity ward,210,210,210
Ink stains games,1,1,1
Inner seas,1,1,1
Innocent grey,1,1,1
Ino-co,1,1,1
Ino-co plus,3,3,3
Inre,5,5,5
Instant kingdom,2,2,2
Instinct games,315,315,315
Insurgency development team,4,4,4
Interaction studios,2,2,2
Interceptor entertainment,8,8,8
Interdimensional games inc,3,3,3
Interplay inc,7,7,7
Interwave studios,6,6,6
Inti creates,1,1,1
Introversion software,122,122,122
Invent4 entertainment,107,107,107
Invertmouse,14,14,14
Invictus-games llc,1,1,1
Inxile entertainment,8,8,8
Io entertainment,2,2,2
Io interactive,8,8,8
Io interactive a/s,20,20,20
Io-interactive a/s,95,95,95
Ion storm,22,22,22
Ionfx,2,2,2
Ipacs,1,1,1
Iridium studios,6,6,6
Iron tower studio,2,2,2
Ironclad games,26,26,26
Ironhide game studio,16,16,16
Ironsun studios,1,1,1
Irrational games,275,275,275
Isaac schankler,18,18,18
Isotx,1,1,1
Istom games kft,4,4,4
Italic pig,1,1,1
Ivan zanotti's mymadness works,3,3,3
Ivory towerubisoft,18,18,18
Jae lee productions,1,1,1
Jagex,49,49,49
Jagex limited,146,146,146
James id,1,1,1
Jarhead games,1,1,1
Jason oda,1,1,1
Jason rohrer,2,2,2
Jasper byrne,2,2,2
Javelin oü,1,1,1
Jckslap,5,5,5
Jdm4ik,15,15,15
Je software,1,1,1
Jeroen van oosten,3,3,3
Jetcat games,2,2,2
Jetdogs studios,6,6,6
Jetpackgone,2,2,2
Jforce games,15,15,15
Jim guthrie,3,3,3
Jimbob games,1,1,1
Jiw-games,6,6,6
Johannes eski,7,7,7
Johannes gotlén,1,1,1
John cullen,1,1,1
John szymanski,1,1,1
John wizard,1,1,1
Jon gallant,2,2,2
Jon sudbury games,1,1,1
Jonathan wood,3,3,3
Joni kittaka,11,11,11
Josh koenig (slashandz),1,1,1
Joshua neurnberger,1,1,1
Jowood vienna,1,1,1
Joycity,15,15,15
Juicy beast studio,1,1,1
Jujubee s.a,1,1,1
Jumpcore productions,2,2,2
Jurlo,2,2,2
Jussi kukkonen,24,24,24
K bros games,2,2,2
Kadokawa,12,12,12
Kadokawa games / grasshopper manufacture,5,5,5
Kalypso media digital,1,1,1
Kaos studios,8,8,8
Katapult,1,1,1
Katauri,7,7,7
Katauri interactive,1,1,1
Katharine marsh,3,3,3
Kchamp games,8,8,8
Keen games,7,7,7
Keen software house,16,16,16
Keinart lobre,2,2,2
Kerberos productions,1,1,1
Kerberos productions inc,4,4,4
Kew mcparlane,1,1,1
Key17 games,1,1,1
Khb-soft,1,1,1
Kheops studio,1,1,1
Kiddy,1,1,1
Killhouse games,10,10,10
Killmonday games ab,2,2,2
Kinelco &amp; lone elk creative,5,5,5
King art,1,1,1
Kintogames,4,4,4
Kitatus studios,2,2,2
Kitfox games,2,2,2
Kittehface software,2,2,2
Kixeye,2,2,2
Klace,1,1,1
Klei entertainment,166,166,166
Kloonigames,2,2,2
Knuckle cracker,3,3,3
Koboldgames,1,1,1
Kog,30,30,30
Koga tech limited,3,3,3
Kojima productions,20,20,20
Konami digital entertainment,73,73,73
Konsordo,6,6,6
Konstantin koshutin,5,5,5
Kot in action creative artel,1,1,1
Krillbite studio,85,85,85
Krome studios,8,8,8
Kronosaur productions,1,1,1
Kudosoft,3,3,3
Kukouri,4,4,4
Kumobius,2,2,2
Kuno interactive,1,1,1
Kunst-stoff gmbh,1,1,1
Kverta,5,5,5
Kyle seeley,171,171,171
Kyle weik,1,1,1
Kylotonn entertainment,1,1,1
Kylotonn racing games,1,1,1
Lab zero games,70,70,70
Labyrinthine,3,3,3
Lag studios,24,24,24
Lamina studios,3,3,3
Laminar research,3,3,3
Landfall,5,5,5
Landon podbielski,17,17,17
Lapovich,1,1,1
Larian studios,23,23,23
Last day of work,1,1,1
Last dimension,1,1,1
Last limb llc,1,1,1
Laura knetzger,2,2,2
Laurie banks,3,3,3
Lavaboots studios,3,3,3
Lazy 8 studios,2,2,2
Lazy bear games,3,3,3
Lazy bum games,1,1,1
Lazy monday games,3,3,3
Ldc studios,1,1,1
League of geeks,7,7,7
Legend studio,1,1,1
Lemondo entertainment,1,1,1
Lemonsucker games,1,1,1
Lesley dodd,2,2,2
Lesta studio,2,2,2
Lesta studios inc,1,1,1
Lgk games,1,1,1
Liar-soft,1,1,1
Licorice,13,13,13
Lightbulb crew,2,2,2
Lighthouse games studio,2,2,2
Lightmare studio,1,1,1
Lightmare studios,6,6,6
Limasse five,1,1,1
Limbic entertainment,4,4,4
Lindsay jorgensen,5,5,5
Lino slahuschek,17,17,17
Lion game lion,11,11,11
Lion's shade,3,3,3
Lionhead studios,26,26,26
Lionheart creations,1,1,1
Little big lee,1,1,1
Little freedom factory,1,1,1
Little green men games,6,6,6
Locomotivah,2,2,2
Logic artists,1,1,1
Lonely troops,3,3,3
Looking glass studios,14,14,14
Lord kres,8,8,8
Loren bednar,5,5,5
Loren lemcke,1,1,1
Lost decade games,1,1,1
Love conquers all games,6,6,6
Luc bernard,1,1,1
Lucasarts,39,39,39
Lucasfim,1,1,1
Lucid games,3,3,3
Lucky frame,1,1,1
Lucky girls limited,1,1,1
Ludeon studios,13,13,13
Ludosity,7,7,7
Lugus studios,4,4,4
Luigi di guida,40,40,40
Luis diaz,6,6,6
Luke cripps,2,2,2
Lukewarm media,25,25,25
Lunar giant,1,1,1
Lwna,3,3,3
M2h,102,102,102
Machine 22,1,1,1
Machine games,48,48,48
Machinegames,8,8,8
Machinespirit,1,1,1
Maciej targoni,15,15,15
Mad otter games,9,9,9
Madruga works,6,6,6
Mages. inc,4,4,4
Magic notion,1,1,1
Magicaltimebean,1,1,1
Magix software gmbh,1,1,1
Malfador machinations,2,2,2
Mana games,1,1,1
Manic game studios,2,2,2
Manuel pazos,1,1,1
Marbenx,27,27,27
Marie ronnaux games,1,1,1
Mario von rickenbach,14,14,14
Martin ivanov,3,3,3
Marxnet,2,2,2
Maschinen-mensch,1,1,1
Massive entertainment,41,41,41
Masthead studios ltd,6,6,6
Matt roszak,9,9,9
Matt thorson,4,4,4
Matthew brown,12,12,12
Matthew c cohen,1,1,1
Maxime vézina,3,3,3
Maxis™,38,38,38
Mechanist games,6,6,6
Mediatonic,12,12,12
Megadev,8,8,8
Megafuzz,3,3,3
Memetic games,2,2,2
Mercurysteam,3,3,3
Mercurysteam - climax studios,1,1,1
Meridian4,8,8,8
Messhof,26,26,26
Metanet software inc,1,1,1
Meteoric games,1,1,1
Mgame,5,5,5
Michael flynn,1,1,1
Michael frei,14,14,14
Michael todd games,17,17,17
Michael zahniser,6,6,6
Michaela laws,6,6,6
Microblast games,27,27,27
Microsoft game studios,14,14,14
Midgar studio,3,3,3
Might and delight,16,16,16
Mighty rabbit studios,8,8,8
Mighty rocket studio,1,1,1
Mihai morosanu,1,1,1
Mike studios,3,3,3
Milan kazarka,3,3,3
Milestone s.r.l,8,8,8
Milkstone studios,11,11,11
Mimimi productions,2,2,2
Mindstorm studios,1,1,1
Miniboss,8,8,8
Minmax games ltd,6,6,6
Minor key games,25,25,25
Minori,3,3,3
Minority media inc,3,3,3
Minskworks,2,2,2
Mint age studios,8,8,8
Mirillis,3,3,3
Mirko seithe,1,1,1
Misfits attic,3,3,3
Mithis games,1,1,1
Mixamo,3,3,3
Moacube,1,1,1
Mobilebits,1,1,1
Mode 7,10,10,10
Modern dream,7,7,7
Moenovel,5,5,5
Mohawk games,5,5,5
Mojang,1,1,1
Mokus,1,1,1
Moment studio,1,1,1
Mommy's best games,2,2,2
Momostorm entertainment,1,1,1
Monkeys tales studio,1,1,1
Monolith,3,3,3
Monolith productions,106,106,106
Monomi park,21,21,21
Moon studios gmbh,36,36,36
Moonlite software,1,1,1
Moonstone,1,1,1
Moppin,5,5,5
Mossmouth,27,27,27
Most wanted entertainment,1,1,1
Mouldy toof studios,48,48,48
Mountain sheep,1,1,1
Movingblocks,2,2,2
Mr-software gbr,8,8,8
Mr. blue,5,5,5
Muha games,1,1,1
Mura interactive,3,3,3
Murudai,6,6,6
Muse games,80,80,80
Muzzy lane software,2,2,2
Myrtilus entertainment,1,1,1
Mystic games,1,1,1
N tailor,2,2,2
N3v games,4,4,4
Nabi studios,86,86,86
Nacho games,2,2,2
Nadeo,34,34,34
Naga entertainment,3,3,3
Naiad entertainment llc,1,1,1
Namco,4,4,4
Namco bandai games,2,2,2
Nate schmold,2,2,2
Nauris amatnieks,1,1,1
Ndemic creations,48,48,48
Necrophone games,22,22,22
Nekki gmbh,2,2,2
Neko entertainment,1,1,1
Neko.works,1,1,1
Nemesys games,2,2,2
Neoclassic games,1,1,1
Neocoregames,9,9,9
Neople,1,1,1
Nerd kingdom inc,2,2,2
Nerdook productions,1,1,1
Nerial,2,2,2
Net games laboratory,5,5,5
Netcore games,5,5,5
Netherrealm studios,87,87,87
Netmarble games,1,1,1
Never don't play,1,1,1
Neversoft,1,1,1
New world interactive,222,222,222
Nexon,122,122,122
Nexon korea corp,9,9,9
Nfusion interactive,1,1,1
Ngd studios,11,11,11
Nick burnham,3,3,3
Nickervision studios,6,6,6
Nicolas bernard,2,2,2
Nicolò azzolini,40,40,40
Niffler ltd,1,1,1
Night node,6,6,6
Night school studio,2,2,2
Nightdive studios,2,2,2
Nigoro,2,2,2
Nihon falcom,7,7,7
Nikita,1,1,1
Nikita online,2,2,2
Nimbly games,7,7,7
Nina freeman,13,13,13
Nine dots studio,1,1,1
Ninja kiwi,14,14,14
Ninja robot dinosaur,1,1,1
Ninja theory,23,23,23
Ninjalex,3,3,3
Nitreal,1,1,1
Nival,9,9,9
No brakes games,2,2,2
No more room in hell team,291,291,291
Noah system,5,5,5
Noble empire corp,34,34,34
Noble master llc,1,1,1
Nocturnal works,1,1,1
Noio,16,16,16
Nom nom games,5,5,5
Nomad games,16,16,16
Nornware ab,1,1,1
North of earth,4,4,4
Northway games,2,2,2
Notgames,17,17,17
Noumena studios,1,1,1
Nova dimension,3,3,3
Novalogic,2,2,2
Novel tea games,1,1,1
Noviy disk,1,1,1
Numantian games,1,1,1
Number none,7,7,7
Numinous games,2,2,2
Nuno guerreiro,1,1,1
Nvizzio creations,5,5,5
Nyamyam,1,1,1
Obsidian entertainment,306,306,306
Occa studios,1,1,1
Ocr dev team,2,2,2
Octoshark studios,12,12,12
Oddonegames,2,2,2
Oddworld inhabitants,28,28,28
Odin game studio,11,11,11
Offworld industries,28,28,28
Ohnoo studio,1,1,1
Old b1ood,2,2,2
Old school games,9,9,9
Olde sküül,1,1,1
Oleg sergeev,1,1,1
Olli harjola,8,8,8
Omniconnection,3,3,3
On the level game studios,1,1,1
Onson soft,2,2,2
Onur uça,2,2,2
Oovee® game studios,40,40,40
Opus,9,9,9
Orange_juice,17,17,17
Orangegames,3,3,3
Orbital knight,1,1,1
Oreol,2,2,2
Organic humans,2,2,2
Orion games,1,1,1
Orlyapps,5,5,5
Orthogonal games,1,1,1
Oryx design lab,1,1,1
"Oscar ""ratvader"" rydelius",1,1,1
Oscar brittain,2,2,2
Ostrich banditos,5,5,5
Osumia games,11,11,11
Other ocean interactive,1,1,1
Otto hantula,8,8,8
Outerlight ltd,30,30,30
Outerminds inc,2,2,2
Over the moon,9,9,9
Over the top games,3,3,3
Overdrive,15,15,15
Overhype studios,1,1,1
Overkill - a starbreeze studio,97,97,97
Overkill software,150,150,150
Owl cave,1,1,1
Owlbear,1,1,1
Owlchemy labs,5,5,5
Oxeye game studio,3,3,3
Oxide games,2,2,2
Pandemic studios,100,100,100
Panzer gaming studios,1,1,1
Paradox development studio,181,181,181
Parallaxian pty ltd,2,2,2
Passtech games,1,1,1
Pathea games,9,9,9
Patrick lindsey,18,18,18
Paul bird,1,1,1
Paul fisch,15,15,15
Payload studios,12,12,12
Pc port - hardlight,4,4,4
Peach pie productions,1,1,1
Peacock dreams games,1,1,1
Pencil test studios,1,1,1
Perfect parallel,1,1,1
Pestoforce,2,2,2
Peter brinson and kurosh valanejad,1,1,1
Peter moorhead,1,1,1
Petit depotto,1,1,1
Petroglyph,11,11,11
Phenomenon games,2,2,2
Phigames,2,2,2
Phoenix game studio,1,1,1
Phoenix online studios,1,1,1
Phoenix studio,1,1,1
Phosphor games studio,78,78,78
Photon arena,1,1,1
Phr00t's software,7,7,7
Pieces interactive,9,9,9
Pigravity,5,5,5
Pilgrim adventures,1,1,1
Pillowpiggames,1,1,1
Pinokl games,5,5,5
Pinterac,3,3,3
Pipeworks studio,1,1,1
Piranha bytes,6,6,6
Piranha games inc,6,6,6
Pirozhok studio,1,1,1
Pivotal games,1,1,1
Pixbits,2,2,2
Pixel dash studios,11,11,11
Pixel federation,1,1,1
Pixel ferrets,4,4,4
Pixelfade inc,2,2,2
Pixeljam,4,4,4
Pixeltail games,9,9,9
Pixowl inc,3,3,3
Pixyul,1,1,1
Platinumgames,32,32,32
Playata gmbh,1,1,1
Playbrains,2,2,2
Playdead,33,33,33
Playflock,2,2,2
Playsaurus,98,98,98
Playway s.a,1,1,1
Plazsoft,1,1,1
Plethora-project llc,1,1,1
Pocketwatch games,44,44,44
Point five projects,1,1,1
Pokpoong games,2,2,2
Polar motion,1,1,1
Polarityflow,1,1,1
Polykid,1,1,1
Polypusher studios,1,1,1
Polytron corporation,32,32,32
Poppermost productions,28,28,28
Poptop software,1,1,1
Portalarium,2,2,2
Positech games,26,26,26
Postmod softworks,2,2,2
Power of 2,26,26,26
Powerhoof,4,4,4
Practicing01,2,2,2
Praxia entertainment inc,1,1,1
Press play,1,1,1
Pribuni,1,1,1
Priitk,1,1,1
Primal,1,1,1
Priority interrupt,6,6,6
Prism game studios ltd,27,27,27
Projectorgames,9,9,9
Prospect games,1,1,1
Proton studio inc,16,16,16
Proxy studios,1,1,1
Psychic software,5,5,5
Pub games,9,9,9
Puny human,17,17,17
Puppygames,8,8,8
Pwnee studios,1,1,1
Pyro studios,7,7,7
Q-games ltd,3,3,3
Qcf design,3,3,3
Qooc software,4,4,4
Quad games,1,1,1
Quantic dream,1,1,1
Quantic dream (original release),1,1,1
Quantized bit,1,1,1
Quantumfrog,1,1,1
Question,2,2,2
Quickfire games,2,2,2
Quicktequila,8,8,8
Qwiboo ltd,1,1,1
Racing bros,6,6,6
Radial games corp,5,5,5
Radiant entertainment,9,9,9
Radical entertainment,15,15,15
Radical fish games,5,5,5
Rafael lima,1,1,1
Ragequit corporation,17,17,17
Ragesquid,1,1,1
Ragiva games e.k,1,1,1
Rail slave games,14,14,14
Rain games,1,1,1
Rainbow games,1,1,1
Rainbow studios,13,13,13
Rake in grass,4,4,4
Raptor claw games,2,2,2
Ratloop asia,4,4,4
Raven software,92,92,92
Raven travel studios,1,1,1
Ravens eye studio,2,2,2
Raylight games,1,1,1
Razorworks,4,4,4
Razvan,1,1,1
Rdt.32,4,4,4
Re-logic,729,729,729
Reactor,1,1,1
Reactor zero,17,17,17
Reakktor studios,7,7,7
Real dynamics,1,1,1
Reality pump,5,5,5
Reality pump studios,9,9,9
Realmforge studios,4,4,4
Rebellion,164,164,164
Recoil games,5,5,5
Red abyss software,1,1,1
Red barrels,87,87,87
Red duck inc,10,10,10
Red dwarf games,6,6,6
Red hook studios,38,38,38
Red nettle studio,1,1,1
Red storm entertainment,3,3,3
Red team games,3,3,3
Red thread games,4,4,4
Redlynx,5,5,5
Redlynx ltd,11,11,11
Redshift,1,1,1
Redwood games,1,1,1
Reentry games,1,1,1
Reflect studios,5,5,5
Reflextions,1,1,1
Reiza studios,7,7,7
Related designs,1,1,1
Relic,14,14,14
Relic entertainment,177,177,177
Reloaded productions,162,162,162
Remar games,3,3,3
Remedy entertainment,37,37,37
Remimory,3,3,3
Renamilanesi,2,2,2
Renegade kid,1,1,1
Renė petrulienė,1,1,1
Reperio studios,4,4,4
Replay studios,3,3,3
Reto-moto,236,236,236
Retro army limited,1,1,1
Retro yeti games,6,6,6
Retroism,2,2,2
Retronic games,1,1,1
Reverie world studios,10,10,10
Revolution software ltd,3,3,3
Rex,1,1,1
Rhaon entertainment,2,2,2
Richard seabrook,1,1,1
Rising star games,2,2,2
Rising sun interactive,1,1,1
Rival games ltd,1,1,1
Rob howland,4,4,4
Robert zhu,3,3,3
Robot entertainment,62,62,62
Robot gentleman,4,4,4
Robotronic games,8,8,8
Robtop games,79,79,79
Rock path collective,1,1,1
Rocket bear games,5,5,5
Rockstar games,62,62,62
Rockstar leeds,16,16,16
Rockstar new england,27,27,27
Rockstar north,324,324,324
Rockstar north / toronto,10,10,10
Rockstar san diego,1,1,1
Rockstar studios,46,46,46
Rocksteady,1,1,1
Rocksteady studios,181,181,181
Rocktastic games,1,1,1
Rodeo games,2,2,2
Rogue entertainment,1,1,1
Rogue factor,3,3,3
Rogue snail,8,8,8
Rogue star,1,1,1
Rohan bhukan,3,3,3
Roll7,9,9,9
Roman anatolevich,1,1,1
Ronimo games,155,155,155
Room710games,3,3,3
Rooster teeth games,26,26,26
Rootify,1,1,1
Roseverte,1,1,1
Rovio entertainment ltd,2,2,2
Rsupport inc,3,3,3
Rubycone,3,3,3
Rudolf kremers &amp; alex may,1,1,1
Rune forge,2,2,2
Runic games,89,89,89
Running with scissors,96,96,96
Runserver,1,1,1
Russpuppy,1,1,1
Rusty lake,1,1,1
Ryan guanyuhao jiang,3,3,3
S houben,2,2,2
S.c. 16 bit nights s.r.l,4,4,4
S.r.o,4,4,4
S2 games,9,9,9
Saber interactive,3,3,3
Sachonski,2,2,2
Sad panda studios,5,5,5
Sakari indie,1,1,1
Sakari indie &amp; grin,1,1,1
Sakura river interactive,3,3,3
Sam atlas,1,1,1
Sam barlow,1,1,1
Sami maaranen (creator),1,1,1
Samurai punk,7,7,7
Sandlot,4,4,4
Sandlot games,1,1,1
Sandswept studios,4,4,4
Santa ragione,3,3,3
Sapphire dragon productions,3,3,3
Sarah northway,2,2,2
Satsu,1,1,1
Sauropod studio,10,10,10
Scarlet string studios,2,2,2
Scary bee llc,1,1,1
Schine,5,5,5
Scirra,1,1,1
Scott cawthon,224,224,224
Screwfly studios,1,1,1
Scs software,139,139,139
Sculptured software,1,1,1
Sdenternet,2,2,2
Sean davy,1,1,1
Sebastian nigro,1,1,1
Secret base,1,1,1
Secret exit ltd,26,26,26
Section studios,21,21,21
Sector3 studios,21,21,21
Securemix llc,1,1,1
Seethrough studios,1,1,1
Sega,42,42,42
Sega studios australia,1,1,1
Semaphore,5,5,5
Senscape,7,7,7
Separate game development,1,1,1
Serellan llc,1,1,1
Serenity forge,1,1,1
Sergey dvoynikov,1,1,1
Serious brew,1,1,1
Sfb games,5,5,5
Shadow planet productions,1,1,1
Shark punch,3,3,3
Shaunjs,1,1,1
Shawn beck,2,2,2
Sherman3d,1,1,1
Shield break studios,4,4,4
Shifty chair games,1,1,1
Shining gate software,1,1,1
Shining rock software llc,61,61,61
Shiny entertainment,1,1,1
Shiro games,14,14,14
Shiver games,8,8,8
Shokunin,9,9,9
Shorebound studios,1,1,1
Shortbreak studios s.c,7,7,7
Shumkov dmitriy,53,53,53
Siege games,1,1,1
Sigma team inc,2,2,2
Signal studios,16,16,16
Silesia games sp. z o.o,1,1,1
Silk games,1,1,1
Silver dollar games,46,46,46
Silver wish games,1,1,1
Silverlode interactive,1,1,1
Silverspherestudios,1,1,1
Simbin,5,5,5
Simogo,7,7,7
Simon roth,2,2,2
Sionois,1,1,1
Sith,2,2,2
Sixense,3,3,3
Sixteen tons entertainment,5,5,5
Size five games,1,1,1
Ska studios,4,4,4
Skatanic studios,1,1,1
Sketchy logic,2,2,2
Skinny jean death studios,1,1,1
Skobbejak games,2,2,2
Sky drake studios,2,2,2
Sky fallen,1,1,1
Skybox labs,118,118,118
Skygoblin,2,2,2
Skyjaz games,1,1,1
Slant six games,3,3,3
Sledgehammer games,75,75,75
Sleepninja games,1,1,1
Sleepy duck,1,1,1
Slightly mad studios,7,7,7
Sluggerfly,2,2,2
Smack down productions,1,1,1
Small impact games,3,3,3
Small town studios,1,1,1
Smart ghost,12,12,12
Smartly dressed games,1047,1047,1047
Smashball labs llc,1,1,1
Smashgames,46,46,46
Smg studio,3,3,3
Smoking wolf,6,6,6
Smolders,2,2,2
Smoodlez,1,1,1
Smudged cat games ltd,3,3,3
Snails animation,2,2,2
Snapshot games inc,4,4,4
Snk corporation,28,28,28
Snoutup,21,21,21
Snowbird games,2,2,2
Snowblind studios,17,17,17
Snowflame,14,14,14
Soccer manager ltd,2,2,2
Social loner studios,1,1,1
Softstar,1,1,1
Solest games,1,1,1
Soloweb studios,2,2,2
Somasim,1,1,1
Sometimes you,4,4,4
Somi,3,3,3
Sonic team,6,6,6
Sorath,10,10,10
Soul forge,1,1,1
South east games,18,18,18
Southend,1,1,1
Souvenir circ,1,1,1
Soviet games,19,19,19
Space boat studios,5,5,5
Space budgie,3,3,3
Space cat studios,13,13,13
Spaces of play,1,1,1
Spark plug games,2,2,2
Spark unlimited,5,5,5
Sparpweed,6,6,6
Sparsevector,16,16,16
Spasman games,17,17,17
Spearhead games,6,6,6
Spectral games,1,1,1
Spellbound studios,1,1,1
Spicy horse,1,1,1
Spicy tails,3,3,3
Spicyhorse games,3,3,3
Spider,1,1,1
Spiderling studios,71,71,71
Spidermonk entertainment,3,3,3
Spiders,3,3,3
Spiderweb software,2,2,2
Splash damage,247,247,247
Split polygon,1,1,1
Spooky squid games inc,5,5,5
Sports interactive,1,1,1
Sproing,2,2,2
Spry fox llc,1,1,1
Squad,137,137,137
Square enix,98,98,98
Stage 2 studios,3,3,3
Stage-nana,16,16,16
Stainless games,22,22,22
Stainless games ltd,31,31,31
Stamina-games,3,3,3
Star gem inc,38,38,38
Star maid games,3,3,3
Star vault ab,3,3,3
Starbreeze,8,8,8
Starbreeze studios ab,38,38,38
Stardock entertainment,41,41,41
Starquail games,1,1,1
Starwraith 3d games llc,1,1,1
State of play games,1,1,1
Stately snail,2,2,2
Steel monkeys,6,6,6
Stegersaurus software inc,24,24,24
Stellar jockeys,2,2,2
Stephen lawrence clark,2,2,2
Stephenallen,1,1,1
Still running,1,1,1
Stillalive studios,2,2,2
Sting,1,1,1
Stoic,10,10,10
Stolen couch games,2,2,2
Stone blade entertainment,1,1,1
Storm_sharks,1,1,1
Storybird,2,2,2
Stout games,6,6,6
Straight right,3,3,3
Strange fire,6,6,6
Strange loop games,1,1,1
Strangely interactive ltd,1,1,1
Strategy first,2,2,2
Streum on studio,17,17,17
Stridemann,24,24,24
Strike games,2,2,2
Strikeworks,3,3,3
Studio bean,2,2,2
Studio eres,1,1,1
Studio fizbin,3,3,3
Studio pixel,3,3,3
Studio radi-8,6,6,6
Studio teamshuriken,1,1,1
Studio whisky tango inc,1,1,1
Studio wildcard,315,315,315
Studiogiw,1,1,1
Stunlock studios,1,1,1
Stygian software,4,4,4
Subatomic studios llc,2,2,2
Subset games,146,146,146
Subsoap,7,7,7
Subvert games,1,1,1
Sumo digital,37,37,37
Sun-studios,1,1,1
Sundae month,1,1,1
Sunlight games,2,2,2
Superbrothers,3,3,3
Supergiant games,118,118,118
Superhot team,28,28,28
Supervillain studios,11,11,11
Supra games,1,1,1
Suspicious developments,73,73,73
Svajūnas žemaitis,1,1,1
Sven co-op team,29,29,29
Sweet dog studios,2,2,2
Swing swing submarine,3,3,3
Switchblade monkeys entertainment,5,5,5
Synergy team,28,28,28
Syrin studios,3,3,3
T3 entertainment,1,1,1
Talawa games,1,1,1
Tale of tales,2,2,2
Taleworlds entertainment,235,235,235
Tall tail studios,6,6,6
Tamationgames,3,3,3
Tamsoft,5,5,5
Tango gameworks,9,9,9
Targem games,3,3,3
Tasharen entertainment inc,6,6,6
Tasty stewdios llc,1,1,1
Tate multimedia,5,5,5
Tb games,13,13,13
Team 6 studios,5,5,5
Team bondi,16,16,16
Team chivalry,9,9,9
Team eleven eleven,5,5,5
Team fractal alligator,12,12,12
Team indev,1,1,1
Team jolly roger,4,4,4
Team meat,66,66,66
Team murder,1,1,1
Team psykskallar,118,118,118
Team reptile,22,22,22
Team17 digital ltd,39,39,39
Team17 software ltd,1,1,1
Team6 game studios b.v,1,1,1
Techland,135,135,135
Technetium games,1,1,1
Technomancy studios,4,4,4
Teeworlds team,3,3,3
Telltale games,545,545,545
Tendershoot,1,1,1
Tennen-sozai,1,1,1
Teotl studios,2,2,2
Terc,4,4,4
Terri vellmann,3,3,3
Terrible posture games,4,4,4
Terry cavanagh,164,164,164
Tesseract interactive,1,1,1
Test3 projects,8,8,8
Teyon,1,1,1
The astronauts,6,6,6
The behemoth,330,330,330
The binary mill,1,1,1
The chinese room,11,11,11
The creative assembly,103,103,103
The dept of silly stuff,1,1,1
The farm 51,6,6,6
The game bakers,2,2,2
The game creators,6,6,6
The game kitchen,1,1,1
The glitch factory,1,1,1
The indie stone,43,43,43
The irregular corporation,12,12,12
The lordz games studio,1,1,1
The men who wear many hats,14,14,14
The molasses flood,2,2,2
The odd gentlemen,7,7,7
The quantum astrophysicists guild,7,7,7
The quinnspiracy,18,18,18
The sims studio,25,25,25
The tambourine,1,1,1
The whale husband,16,16,16
The working parts,2,2,2
Thiago adamo,1,1,1
Thomas bowker,18,18,18
Thomas happ games llc,1,1,1
Thomas m. visser,9,9,9
Those awesome guys,6,6,6
Thq nordic,33,33,33
Threaks,2,2,2
Three gates,1,1,1
Three rings,4,4,4
Thunder lotus games,1,1,1
Tice thomason,6,6,6
Ticktock games,3,3,3
Tiger style,1,1,1
Tigerish games,4,4,4
Tim sullivan,2,2,2
Timegate studios,3,3,3
Timesymmetry,4,4,4
Timofey shargorodskiy,1,1,1
Tin man games,3,3,3
Tindalos interactive,4,4,4
Tinybuild,4,4,4
Tlön studios,7,7,7
Tml studios,2,2,2
Tml-studios,3,3,3
Tnt team,1,1,1
Toadman interactive,1,1,1
Tobias sjögren,1,1,1
Tobyfox,226,226,226
Toge productions,2,2,2
Tokyo rpg factory,1,1,1
Tom de roeck,1,1,1
Tom jubert,8,8,8
Tomasz wacławek,3,3,3
Tomi maarela,20,20,20
Tommaso vita,40,40,40
Tomoaki sugeno,1,1,1
Tomorning productions,1,1,1
Tomorrow corporation,36,36,36
Topware interactive,1,1,1
Topware interactive ace,2,2,2
Toraiki,1,1,1
Torn banner studios,218,218,218
Totally games,2,2,2
Touz,5,5,5
Tragnarion studios,1,1,1
Transcendent games,4,4,4
Transhuman design,27,27,27
Trapdoor inc,1,1,1
Trashmasters,6,6,6
Trav nash,2,2,2
Traveller's tales,88,88,88
Travian games gmbh,2,2,2
Treeform,5,5,5
Treefortress games,2,2,2
Trendy entertainment,80,80,80
Trepid studios,3,3,3
Trerplay,2,2,2
Trese brothers,1,1,1
Treyarch,358,358,358
Triangle studios,2,2,2
Tribe studios,7,7,7
Tribute games inc,5,5,5
Trickstar games,1,1,1
Trinoteam,1,1,1
Trion worlds,180,180,180
Triple-star studio,1,1,1
Triple.b.titles,1,1,1
Triplebrick,1,1,1
Tripwire interactive,566,566,566
Triumph studios,9,9,9
Triverske,1,1,1
Troika games,6,6,6
Tt fusion,6,6,6
Tt games,23,23,23
Tt games ltd,11,11,11
Tuesday society,1,1,1
Tuna,1,1,1
Tuomo laine,1,1,1
Turbo pixel studios,3,3,3
Turbo tape games,1,1,1
Turbogun,2,2,2
Turtle cream,2,2,2
Turtle rock studios,100,100,100
Twice circled,1,1,1
Twisted pixel games,1,1,1
Twistplay,2,2,2
Two tribes,13,13,13
Ty taylor and mario castañeda,7,7,7
Tyler glaiel,1,1,1
U-play online,5,5,5
U.s. army,21,21,21
Uber entertainment,54,54,54
Ubiart montpellier,3,3,3
Ubisoft,698,698,698
Ultra runaway games,1,1,1
Ultravision interactive,1,1,1
Undead labs,86,86,86
Underdog games,2,2,2
Unfinished pixel,3,3,3
Unicorn games studio,1,1,1
Unigine llc,1,1,1
United front games,71,71,71
United independent entertainment gmbh,9,9,9
Unknown worlds entertainment,57,57,57
Unwonted studios,1,1,1
Upper one games,2,2,2
Uppercut games pty ltd,2,2,2
Urban games,5,5,5
Vae victis games,6,6,6
Vagabond dog,7,7,7
Valusoft,1,1,1
Valve,9586,9586,9586
Vanguard games,21,21,21
Varagtp,3,3,3
Varkian empire,2,2,2
Varlamov5264,1,1,1
Vertigo games,1,1,1
Vertigo gaming inc,12,12,12
Very simple idea studios,1,1,1
Vicious cycle software,1,1,1
Vidiludi games and entertainment,1,1,1
Vifth floor,1,1,1
Vigil games,10,10,10
Vikingfabian.com,2,2,2
Ville mönkkönen,1,1,1
Vincent thiele,9,9,9
Vine,3,3,3
Virgin interactive entertainment,1,1,1
Virtual basement llc,323,323,323
Virtual playground,1,1,1
Virtual programming,275,275,275
Virtual racing industries ltd,1,1,1
Vis - visual imagination software,3,3,3
Vis interactive,1,1,1
Visceral games,5,5,5
Visual concepts,22,22,22
Visualarts/key,7,7,7
Viswanath atlu,3,3,3
Vitali kirpu,34,34,34
Vitaliy ruzankin,1,1,1
Vivid games s.a,1,1,1
Vladimir maslov,3,3,3
Vlambeer,99,99,99
Vogelsap,1,1,1
Volition,218,218,218
Volumetric games,1,1,1
Volumeup studios,1,1,1
Vortal storm,11,11,11
Vostok games,25,25,25
Voxler games,1,1,1
Vstep,4,4,4
Wadjet eye games,1,1,1
Wales interactive,1,1,1
Walter machado,4,4,4
Wanako games,1,1,1
Warfare studios,1,1,1
Warfaresims,1,1,1
Warlock wireless,1,1,1
Warteam,33,33,33
Wasatch games,1,1,1
Wayforward,11,11,11
Wb games montreal,71,71,71
Weappy studio,3,3,3
Webgames,1,1,1
Wemade,9,9,9
White rabbit games,1,1,1
Whitemoon dreams,1,1,1
Wholetone games,5,5,5
Wild games studio,12,12,12
Wild shadow studios,230,230,230
Wildgrass,1,1,1
Wildtangent,1,1,1
Windybeard,1,1,1
Winter wolves,4,4,4
Witch beam,3,3,3
With the love studios,1,1,1
Wizarbox,4,4,4
Wojciech wasiak,15,15,15
Wolcen studio,1,1,1
Wolfire games,45,45,45
World-loom,1,1,1
Wrf studios,1,1,1
Wtfomgames,1,1,1
Wube software ltd,36,36,36
Wyrmbyte,8,8,8
Wzogi,1,1,1
X-bow software,1,1,1
X-legend,25,25,25
X1 software,2,2,2
Xavi canal,5,5,5
Xaviant,8,8,8
Xgen studios,1,1,1
Xitilon,2,2,2
Xlgames,17,17,17
Xtal sword,6,6,6
Xxarabongxx,1,1,1
Xyla entertainment,5,5,5
Yacht club games,17,17,17
Yager development,83,83,83
Yakiniku banzai,3,3,3
Yash kapani,3,3,3
Yazar media group llc,1,1,1
Yeaboing,1,1,1
Yeti trunk,1,1,1
Yfc games,2,2,2
Yfyx games,1,1,1
Yoji ojima,2,2,2
Yotsubane,1,1,1
Youdagames,3,3,3
Young horses,33,33,33
Yuke's,6,6,6
Yume creations,1,1,1
Z4g0 and ivan venturi productions,1,1,1
Zachtronics,17,17,17
Zackbellgames,3,3,3
Zandel media,1,1,1
Zanrai interactive,1,1,1
Zaratustra productions,3,3,3
Zaxis games,2,2,2
Zbigniew ochman,1,1,1
Zeboyd games,6,6,6
Zeiva inc,7,7,7
Zen studios,2,2,2
Zenimax online studios,34,34,34
Zero point software,32,32,32
Zero sum games,6,6,6
Zeroscale,3,3,3
Zinertek,1,1,1
Zombie panic team,35,35,35
Zombie studios,4,4,4
Zoo corporation,2,2,2
Zoom out games,6,6,6
Zootfly,2,2,2
Zoë mode,2,2,2
Zykov eddy,2,2,2
[geim].pro,1,1,1
[onemanband],1,1,1
△○□× (miwashiba),5,5,5
インレ,5,5,5
橘子班,6,6,6
高考恋爱委员会,2,2,2
